{"cameraMode":{"drawMode":0,"name":"Shaded","section":"Shading Mode"},"sceneLighting":true,"audioPlay":false,"sceneViewState":{"showFog":true,"showMaterialUpdate":false,"showSkybox":true,"showFlares":true,"showImageEffects":true,"showParticleSystems":true},"in2DMode":false,"pivot":{"x":510.9498596191406,"y":264.5302734375,"z":-412.1364440917969},"rotation":{"x":-0.044870276004076007,"y":-0.07126591354608536,"z":0.0032090770546346905,"w":-0.9964424967765808},"size":268.6005554199219,"orthographic":false}